total_number_messages_human;total_number_messages_agent;average_message_length_human;average_message_length_agent;ignored;workload;timePressure;taskSeverity;taskSwitch;occupiedTime;world_nr;tick_nr
0;0;0;0;0;0;0;0;0;0;1;0
0;0;0;0;0;0;0;0;0;0;1;1
0;1;0;0;0;0.08;0.0;0.33;0;0;1;2
0;1;0;0;0;0.08;0.0;0.33;0;0;1;3
0;1;0;0;0;0.08;0.0;0.33;0;0;1;4
0;1;0;0;0;0.08;0.0;0.33;0;0;1;5
0;1;0;0;0;0.08;0.0;0.33;0;0;1;6
0;1;0;0;0;0.08;0.0;0.33;0;0;1;7
0;1;0;0;0;0.08;0.0;0.33;0;0;1;8
0;1;0;0;0;0.08;0.0;0.33;0;0;1;9
0;1;0;0;0;0.08;0.0;0.33;0;0;1;10
0;1;0;0;0;0.08;0.0;0.33;0;0;1;11
0;1;0;0;0;0.08;0.0;0.33;0;0;1;12
0;1;0;0;0;0.08;0.0;0.33;0;0;1;13
1;1;0;0;0;0.08;0.0;0.33;0;0;1;14
1;1;0;0;0;0.08;0.0;0.33;0;0;1;15
1;2;0;0;0;0.08;0.0;0.33;0;0;1;16
1;2;0;0;0;0.08;0.0;0.33;0;0;1;17
1;2;0;0;0;0.08;0.0;0.33;0;0;1;18
1;2;0;0;0;0.08;0.0;0.33;0;0;1;19
1;2;0;0;0;0.08;0.0;0.33;0;0;1;20
1;2;0;0;0;0.08;0.0;0.33;0;0;1;21
1;2;0;0;0;0.08;0.0;0.33;0;0;1;22
1;2;0;0;0;0.08;0.0;0.33;0;0;1;23
1;2;0;0;0;0.08;0.0;0.33;0;0;1;24
1;2;0;0;0;0.08;0.0;0.33;0;0;1;25
1;2;0;0;0;0.08;0.0;0.33;0;0;1;26
1;2;0;0;0;0.08;0.0;0.33;0;0;1;27
1;2;0;0;0;0.08;0.0;0.33;0;0;1;28
1;2;0;0;0;0.08;0.0;0.33;0;0;1;29
1;2;0;0;0;0.08;0.0;0.33;0;0;1;30
1;2;0;0;0;0.08;0.0;0.33;0;0;1;31
1;2;0;0;0;0.08;0.0;0.33;0;0;1;32
1;2;0;0;0;0.08;0.0;0.33;0;0;1;33
1;2;0;0;0;0.08;0.0;0.33;0;0;1;34
1;2;0;0;0;0.08;0.0;0.33;0;0;1;35
1;2;0;0;0;0.08;0.0;0.33;0;0;1;36
1;2;0;0;0;0.08;0.0;0.33;0;0;1;37
1;2;0;0;0;0.08;0.0;0.33;0;0;1;38
1;2;0;0;0;0.08;0.0;0.33;0;0;1;39
1;2;0;0;0;0.08;0.0;0.33;0;0;1;40
1;2;0;0;0;0.08;0.0;0.33;0;0;1;41
1;2;0;0;0;0.08;0.0;0.33;0;0;1;42
1;3;0;0;0;0.08;0.01;0.33;0;0;1;43
1;3;0;0;0;0.08;0.01;0.33;0;0;1;44
1;3;0;0;0;0.08;0.01;0.33;0;0;1;45
1;3;0;0;0;0.08;0.01;0.33;0;0;1;46
1;3;0;0;0;0.08;0.01;0.33;0;0;1;47
1;3;0;0;0;0.08;0.01;0.33;0;0;1;48
1;3;0;0;0;0.08;0.01;0.33;0;0;1;49
1;3;0;0;0;0.08;0.01;0.33;0;0;1;50
1;3;0;0;0;0.08;0.01;0.33;0;0;1;51
1;4;0;0;0;0.09;0.01;0.33;0;0;1;52
1;4;0;0;0;0.09;0.01;0.33;0;0;1;53
1;4;0;0;0;0.09;0.01;0.33;0;0;1;54
1;4;0;0;0;0.09;0.01;0.33;0;0;1;55
1;4;0;0;0;0.09;0.01;0.33;0;0;1;56
1;4;0;0;0;0.09;0.01;0.33;0;0;1;57
1;4;0;0;0;0.09;0.01;0.33;0;0;1;58
1;4;0;0;0;0.09;0.01;0.33;0;0;1;59
1;4;0;0;0;0.09;0.01;0.33;0;0;1;60
1;4;0;0;0;0.09;0.01;0.33;0;0;1;61
1;4;0;0;0;0.09;0.01;0.33;0;0;1;62
1;4;0;0;0;0.09;0.01;0.33;0;0;1;63
1;4;0;0;0;0.09;0.01;0.33;0;0;1;64
1;4;0;0;0;0.09;0.01;0.33;0;0;1;65
1;4;0;0;0;0.09;0.01;0.33;0;0;1;66
1;4;0;0;0;0.09;0.01;0.33;0;0;1;67
1;4;0;0;0;0.09;0.01;0.33;0;0;1;68
1;4;0;0;0;0.09;0.01;0.33;0;0;1;69
1;4;0;0;0;0.09;0.01;0.33;0;0;1;70
1;4;0;0;0;0.09;0.01;0.33;0;0;1;71
1;4;0;0;0;0.09;0.01;0.33;0;0;1;72
1;4;0;0;0;0.09;0.01;0.33;0;0;1;73
1;4;0;0;0;0.09;0.01;0.33;0;0;1;74
1;4;0;0;0;0.09;0.01;0.33;0;0;1;75
1;4;0;0;0;0.09;0.01;0.33;0;0;1;76
1;4;0;0;0;0.09;0.01;0.33;0;0;1;77
1;4;0;0;0;0.09;0.01;0.33;0;0;1;78
1;4;0;0;0;0.09;0.01;0.33;0;0;1;79
1;4;0;0;0;0.09;0.01;0.33;0;0;1;80
1;4;0;0;0;0.09;0.01;0.33;0;0;1;81
1;4;0;0;0;0.09;0.01;0.33;0;0;1;82
1;4;0;0;0;0.09;0.01;0.33;0;0;1;83
1;4;0;0;0;0.09;0.01;0.33;0;0;1;84
1;4;0;0;0;0.09;0.01;0.33;0;0;1;85
1;4;0;0;0;0.09;0.01;0.33;0;0;1;86
1;4;0;0;0;0.09;0.01;0.33;0;0;1;87
1;4;0;0;0;0.09;0.01;0.33;0;0;1;88
1;4;0;0;0;0.09;0.01;0.33;0;0;1;89
1;4;0;0;0;0.09;0.01;0.33;0;0;1;90
1;4;0;0;0;0.09;0.01;0.33;0;0;1;91
1;4;0;0;0;0.09;0.01;0.33;0;0;1;92
1;4;0;0;0;0.09;0.01;0.33;0;0;1;93
1;4;0;0;0;0.09;0.01;0.33;0;0;1;94
1;4;0;0;0;0.09;0.01;0.33;0;0;1;95
1;4;0;0;0;0.09;0.01;0.33;0;0;1;96
1;5;0;0;0;0.09;0.02;0.33;0;0;1;97
1;5;0;0;0;0.09;0.02;0.33;0;0;1;98
1;5;0;0;0;0.09;0.02;0.33;0;0;1;99
1;5;0;0;0;0.09;0.02;0.33;0;0;1;100
1;5;0;0;0;0.09;0.02;0.33;0;0;1;101
1;5;0;0;0;0.09;0.02;0.33;0;0;1;102
1;5;0;0;0;0.09;0.02;0.33;0;0;1;103
1;5;0;0;0;0.09;0.02;0.33;0;0;1;104
1;5;0;0;0;0.09;0.02;0.33;0;0;1;105
1;5;0;0;0;0.09;0.02;0.33;0;0;1;106
1;5;0;0;0;0.09;0.02;0.33;0;0;1;107
1;5;0;0;0;0.09;0.02;0.33;0;0;1;108
1;5;0;0;0;0.09;0.02;0.33;0;0;1;109
1;5;0;0;0;0.09;0.02;0.33;0;0;1;110
1;5;0;0;0;0.09;0.02;0.33;0;0;1;111
1;5;0;0;0;0.09;0.02;0.33;0;0;1;112
1;5;0;0;0;0.09;0.02;0.33;0;0;1;113
1;5;0;0;0;0.09;0.02;0.33;0;0;1;114
1;5;0;0;0;0.09;0.02;0.33;0;0;1;115
1;5;0;0;0;0.09;0.02;0.33;0;0;1;116
1;5;0;0;0;0.09;0.02;0.33;0;0;1;117
1;5;0;0;0;0.09;0.02;0.33;0;0;1;118
1;5;0;0;0;0.09;0.02;0.33;0;0;1;119
1;5;0;0;0;0.09;0.02;0.33;0;0;1;120
1;5;0;0;0;0.09;0.02;0.33;0;0;1;121
1;5;0;0;0;0.09;0.02;0.33;0;0;1;122
1;5;0;0;0;0.09;0.02;0.33;0;0;1;123
1;5;0;0;0;0.09;0.02;0.33;0;0;1;124
1;5;0;0;0;0.09;0.02;0.33;0;0;1;125
1;5;0;0;0;0.09;0.02;0.33;0;0;1;126
1;5;0;0;0;0.09;0.02;0.33;0;0;1;127
1;5;0;0;0;0.09;0.02;0.33;0;0;1;128
1;5;0;0;0;0.09;0.02;0.33;0;0;1;129
1;5;0;0;0;0.09;0.02;0.33;0;0;1;130
1;5;0;0;0;0.09;0.02;0.33;0;0;1;131
1;5;0;0;0;0.09;0.02;0.33;0;0;1;132
1;5;0;0;0;0.09;0.02;0.33;0;0;1;133
1;5;0;0;0;0.09;0.02;0.33;0;0;1;134
1;5;0;0;0;0.09;0.02;0.33;0;0;1;135
1;5;0;0;0;0.09;0.02;0.33;0;0;1;136
1;5;0;0;0;0.09;0.02;0.33;0;0;1;137
1;5;0;0;0;0.09;0.02;0.33;0;0;1;138
1;5;0;0;0;0.09;0.02;0.33;0;0;1;139
1;5;0;0;0;0.09;0.02;0.33;0;0;1;140
1;6;0;0;0;0.09;0.02;0.33;0;0;1;141
1;6;0;0;0;0.09;0.02;0.33;0;0;1;142
1;6;0;0;0;0.09;0.02;0.33;0;0;1;143
1;6;0;0;0;0.09;0.02;0.33;0;0;1;144
1;6;0;0;0;0.09;0.02;0.33;0;0;1;145
1;6;0;0;0;0.09;0.02;0.33;0;0;1;146
1;6;0;0;0;0.09;0.02;0.33;0;0;1;147
1;6;0;0;0;0.09;0.02;0.33;0;0;1;148
1;6;0;0;0;0.09;0.02;0.33;0;0;1;149
1;7;0;0;0;0.09;0.03;0.33;0;0;1;150
1;7;0;0;0;0.09;0.03;0.33;0;0;1;151
1;7;0;0;0;0.09;0.03;0.33;0;0;1;152
1;7;0;0;0;0.09;0.03;0.33;0;0;1;153
1;7;0;0;0;0.09;0.03;0.33;0;0;1;154
1;7;0;0;0;0.09;0.03;0.33;0;0;1;155
1;7;0;0;0;0.09;0.03;0.33;0;0;1;156
1;7;0;0;0;0.09;0.03;0.33;0;0;1;157
1;7;0;0;0;0.09;0.03;0.33;0;0;1;158
1;7;0;0;0;0.09;0.03;0.33;0;0;1;159
1;7;0;0;0;0.09;0.03;0.33;0;0;1;160
1;7;0;0;0;0.09;0.03;0.33;0;0;1;161
1;7;0;0;0;0.09;0.03;0.33;0;0;1;162
1;7;0;0;0;0.09;0.03;0.33;0;0;1;163
1;7;0;0;0;0.09;0.03;0.33;0;0;1;164
1;7;0;0;0;0.09;0.03;0.33;0;0;1;165
1;7;0;0;0;0.09;0.03;0.33;0;0;1;166
1;7;0;0;0;0.09;0.03;0.33;0;0;1;167
1;7;0;0;0;0.09;0.03;0.33;0;0;1;168
1;7;0;0;0;0.09;0.03;0.33;0;0;1;169
1;7;0;0;0;0.09;0.03;0.33;0;0;1;170
1;7;0;0;0;0.09;0.03;0.33;0;0;1;171
1;7;0;0;0;0.09;0.03;0.33;0;0;1;172
1;7;0;0;0;0.09;0.03;0.33;0;0;1;173
1;7;0;0;0;0.09;0.03;0.33;0;0;1;174
1;7;0;0;0;0.09;0.03;0.33;0;0;1;175
1;7;0;0;0;0.09;0.03;0.33;0;0;1;176
1;7;0;0;0;0.09;0.03;0.33;0;0;1;177
1;7;0;0;0;0.09;0.03;0.33;0;0;1;178
1;7;0;0;0;0.09;0.03;0.33;0;0;1;179
1;7;0;0;0;0.09;0.03;0.33;0;0;1;180
1;7;0;0;0;0.09;0.03;0.33;0;0;1;181
1;7;0;0;0;0.09;0.03;0.33;0;0;1;182
1;7;0;0;0;0.09;0.03;0.33;0;0;1;183
1;7;0;0;0;0.09;0.03;0.33;0;0;1;184
1;7;0;0;0;0.09;0.03;0.33;0;0;1;185
1;7;0;0;0;0.09;0.03;0.33;0;0;1;186
1;7;0;0;0;0.09;0.03;0.33;0;0;1;187
1;7;0;0;0;0.09;0.03;0.33;0;0;1;188
1;7;0;0;0;0.09;0.03;0.33;0;0;1;189
1;7;0;0;0;0.09;0.03;0.33;0;0;1;190
1;7;0;0;0;0.09;0.03;0.33;0;0;1;191
1;7;0;0;0;0.09;0.03;0.33;0;0;1;192
1;7;0;0;0;0.09;0.03;0.33;0;0;1;193
1;7;0;0;0;0.09;0.03;0.33;0;0;1;194
1;7;0;0;0;0.09;0.03;0.33;0;0;1;195
1;8;0;0;0;0.09;0.04;0.33;0;0;1;196
1;8;0;0;0;0.09;0.04;0.33;0;0;1;197
1;8;0;0;0;0.09;0.04;0.33;0;0;1;198
1;8;0;0;0;0.09;0.04;0.33;0;0;1;199
1;8;0;0;0;0.09;0.04;0.33;0;0;1;200
1;8;0;0;0;0.09;0.04;0.33;0;0;1;201
1;8;0;0;0;0.09;0.04;0.33;0;0;1;202
1;8;0;0;0;0.09;0.04;0.33;0;0;1;203
1;8;0;0;0;0.09;0.04;0.33;0;0;1;204
1;8;0;0;0;0.09;0.04;0.33;0;0;1;205
1;8;0;0;0;0.09;0.04;0.33;0;0;1;206
1;8;0;0;0;0.09;0.04;0.33;0;0;1;207
1;8;0;0;0;0.09;0.04;0.33;0;0;1;208
1;8;0;0;0;0.09;0.04;0.33;0;0;1;209
1;8;0;0;0;0.09;0.04;0.33;0;0;1;210
1;8;0;0;0;0.09;0.04;0.33;0;0;1;211
1;8;0;0;0;0.09;0.04;0.33;0;0;1;212
1;8;0;0;0;0.09;0.04;0.33;0;0;1;213
1;8;0;0;0;0.09;0.04;0.33;0;0;1;214
1;8;0;0;0;0.09;0.04;0.33;0;0;1;215
1;8;0;0;0;0.09;0.04;0.33;0;0;1;216
1;8;0;0;0;0.09;0.04;0.33;0;0;1;217
1;8;0;0;0;0.09;0.04;0.33;0;0;1;218
1;8;0;0;0;0.09;0.04;0.33;0;0;1;219
1;8;0;0;0;0.09;0.04;0.33;0;0;1;220
1;8;0;0;0;0.09;0.04;0.33;0;0;1;221
1;8;0;0;0;0.09;0.04;0.33;0;0;1;222
1;9;0;0;0;0.09;0.04;0.33;0;0;1;223
1;10;0;0;0;0.09;0.05;0.33;0;0;1;224
1;10;0;0;0;0.09;0.05;0.33;0;0;1;225
1;10;0;0;0;0.09;0.05;0.33;0;0;1;226
1;10;0;0;0;0.09;0.05;0.33;0;0;1;227
1;10;0;0;0;0.09;0.05;0.33;0;0;1;228
1;10;0;0;0;0.09;0.05;0.33;0;0;1;229
1;10;0;0;0;0.09;0.05;0.33;0;0;1;230
1;10;0;0;0;0.09;0.05;0.33;0;0;1;231
1;10;0;0;0;0.09;0.05;0.33;0;0;1;232
1;11;0;0;0;0.1;0.05;0.33;0;0;1;233
1;11;0;0;0;0.1;0.05;0.33;0;0;1;234
1;11;0;0;0;0.1;0.05;0.33;0;0;1;235
2;11;0;0;0;0.1;0.05;0.33;0;0;1;236
2;11;0;0;0;0.1;0.05;0.33;0;0;1;237
2;12;0;0;0.0;0.1;0.05;0.33;0;0;1;238
2;12;0;0;0.0;0.1;0.05;0.33;0;0;1;239
2;12;0;0;0.0;0.1;0.05;0.33;0;0;1;240
2;12;0;0;0.0;0.1;0.05;0.33;0;0;1;241
2;12;0;0;0.0;0.1;0.05;0.33;0;0;1;242
2;12;0;0;0.0;0.1;0.05;0.33;0;0;1;243
2;12;0;0;0.0;0.1;0.05;0.33;0;0;1;244
2;12;0;0;0.0;0.1;0.05;0.33;0;0;1;245
2;12;0;0;0.0;0.1;0.05;0.33;0;0;1;246
2;13;0;0;0.0;0.1;0.05;0.33;0;0;1;247
2;13;0;0;0.0;0.1;0.05;0.33;0;0;1;248
2;13;0;0;0.0;0.1;0.05;0.33;0;0;1;249
2;13;0;0;0.0;0.1;0.05;0.33;0;0;1;250
2;13;0;0;0.0;0.1;0.05;0.33;0;0;1;251
2;13;0;0;0.0;0.1;0.05;0.33;0;0;1;252
2;13;0;0;0.0;0.1;0.05;0.33;0;0;1;253
2;13;0;0;0.0;0.1;0.05;0.33;0;0;1;254
2;13;0;0;0.0;0.1;0.05;0.33;0;0;1;255
3;13;0;0;0.0;0.1;0.05;0.33;0;0;1;256
3;13;0;0;0.0;0.1;0.05;0.33;0;0;1;257
3;14;0;0;0.5;0.1;0.05;0.33;0;0;1;258
3;14;0;0;0.5;0.1;0.05;0.33;0;0;1;259
3;14;0;0;0.5;0.1;0.05;0.33;0;0;1;260
3;14;0;0;0.5;0.1;0.05;0.33;0;0;1;261
3;14;0;0;0.5;0.1;0.05;0.33;0;0;1;262
3;14;0;0;0.5;0.1;0.05;0.33;0;0;1;263
3;14;0;0;0.5;0.1;0.05;0.33;0;0;1;264
3;14;0;0;0.5;0.1;0.05;0.33;0;0;1;265
3;14;0;0;0.5;0.1;0.05;0.33;0;0;1;266
3;15;0;0;0.5;0.16;0.05;0.33;0.17;0.01;1;267
3;15;0;0;0.5;0.16;0.05;0.33;0.17;0.01;1;268
3;15;0;0;0.5;0.16;0.05;0.33;0.17;0.01;1;269
3;15;0;0;0.5;0.16;0.05;0.33;0.17;0.01;1;270
3;15;0;0;0.5;0.16;0.05;0.33;0.17;0.01;1;271
3;15;0;0;0.5;0.16;0.05;0.33;0.17;0.01;1;272
3;15;0;0;0.5;0.16;0.05;0.33;0.17;0.01;1;273
3;15;0;0;0.5;0.16;0.05;0.33;0.17;0.01;1;274
3;15;0;0;0.5;0.16;0.05;0.33;0.17;0.01;1;275
3;16;0;0;0.5;0.17;0.05;0.33;0.17;0.02;1;276
3;16;0;0;0.5;0.17;0.05;0.33;0.17;0.02;1;277
3;16;0;0;0.5;0.17;0.05;0.33;0.17;0.02;1;278
3;16;0;0;0.5;0.17;0.05;0.33;0.17;0.02;1;279
3;16;0;0;0.5;0.17;0.05;0.33;0.17;0.02;1;280
3;16;0;0;0.5;0.17;0.05;0.33;0.17;0.02;1;281
3;16;0;0;0.5;0.17;0.05;0.33;0.17;0.02;1;282
3;16;0;0;0.5;0.17;0.05;0.33;0.17;0.02;1;283
3;16;0;0;0.5;0.17;0.05;0.33;0.17;0.02;1;284
3;17;0;0;0.5;0.17;0.06;0.33;0.17;0.02;1;285
3;17;0;0;0.5;0.17;0.06;0.33;0.17;0.02;1;286
3;17;0;0;0.5;0.17;0.06;0.33;0.17;0.02;1;287
3;17;0;0;0.5;0.17;0.06;0.33;0.17;0.02;1;288
3;17;0;0;0.5;0.17;0.06;0.33;0.17;0.02;1;289
3;17;0;0;0.5;0.17;0.06;0.33;0.17;0.02;1;290
3;17;0;0;0.5;0.17;0.06;0.33;0.17;0.02;1;291
3;17;0;0;0.5;0.17;0.06;0.33;0.17;0.02;1;292
3;17;0;0;0.5;0.17;0.06;0.33;0.17;0.02;1;293
3;17;0;0;0.5;0.17;0.06;0.33;0.17;0.02;1;294
3;17;0;0;0.5;0.17;0.06;0.33;0.17;0.02;1;295
3;17;0;0;0.5;0.17;0.06;0.33;0.17;0.02;1;296
3;17;0;0;0.5;0.17;0.06;0.33;0.17;0.02;1;297
3;17;0;0;0.5;0.17;0.06;0.33;0.17;0.02;1;298
3;17;0;0;0.5;0.17;0.06;0.33;0.17;0.02;1;299
3;17;0;0;0.5;0.17;0.06;0.33;0.17;0.02;1;300
3;17;0;0;0.5;0.17;0.06;0.33;0.17;0.02;1;301
3;17;0;0;0.5;0.17;0.06;0.33;0.17;0.02;1;302
3;17;0;0;0.5;0.17;0.06;0.33;0.17;0.02;1;303
3;17;0;0;0.5;0.17;0.06;0.33;0.17;0.02;1;304
3;17;0;0;0.5;0.17;0.06;0.33;0.17;0.02;1;305
3;17;0;0;0.5;0.17;0.06;0.33;0.17;0.02;1;306
3;17;0;0;0.5;0.17;0.06;0.33;0.17;0.02;1;307
3;17;0;0;0.5;0.17;0.06;0.33;0.17;0.02;1;308
3;17;0;0;0.5;0.17;0.06;0.33;0.17;0.02;1;309
3;17;0;0;0.5;0.17;0.06;0.33;0.17;0.02;1;310
3;17;0;0;0.5;0.17;0.06;0.33;0.17;0.02;1;311
3;17;0;0;0.5;0.17;0.06;0.33;0.17;0.02;1;312
3;17;0;0;0.5;0.17;0.06;0.33;0.17;0.02;1;313
3;17;0;0;0.5;0.17;0.06;0.33;0.17;0.02;1;314
3;17;0;0;0.5;0.17;0.06;0.33;0.17;0.02;1;315
3;17;0;0;0.5;0.17;0.06;0.33;0.17;0.02;1;316
3;17;0;0;0.5;0.17;0.06;0.33;0.17;0.02;1;317
3;17;0;0;0.5;0.17;0.06;0.33;0.17;0.02;1;318
3;17;0;0;0.5;0.17;0.06;0.33;0.17;0.02;1;319
3;17;0;0;0.5;0.17;0.06;0.33;0.17;0.02;1;320
3;17;0;0;0.5;0.17;0.06;0.33;0.17;0.02;1;321
3;17;0;0;0.5;0.17;0.06;0.33;0.17;0.02;1;322
3;17;0;0;0.5;0.17;0.06;0.33;0.17;0.02;1;323
3;17;0;0;0.5;0.17;0.06;0.33;0.17;0.02;1;324
3;17;0;0;0.5;0.17;0.06;0.33;0.17;0.02;1;325
3;17;0;0;0.5;0.17;0.06;0.33;0.17;0.02;1;326
3;18;0;0;0.5;0.17;0.06;0.33;0.17;0.02;1;327
3;19;0;0;0.5;0.17;0.07;0.33;0.17;0.02;1;328
3;19;0;0;0.5;0.17;0.07;0.33;0.17;0.02;1;329
3;19;0;0;0.5;0.17;0.07;0.33;0.17;0.02;1;330
3;19;0;0;0.5;0.17;0.07;0.33;0.17;0.02;1;331
3;19;0;0;0.5;0.17;0.07;0.33;0.17;0.02;1;332
3;19;0;0;0.5;0.17;0.07;0.33;0.17;0.02;1;333
3;19;0;0;0.5;0.17;0.07;0.33;0.17;0.02;1;334
3;19;0;0;0.5;0.17;0.07;0.33;0.17;0.02;1;335
3;19;0;0;0.5;0.17;0.07;0.33;0.17;0.02;1;336
3;19;0;0;0.5;0.17;0.07;0.33;0.17;0.02;1;337
3;19;0;0;0.5;0.17;0.07;0.33;0.17;0.02;1;338
3;19;0;0;0.5;0.17;0.07;0.33;0.17;0.02;1;339
3;19;0;0;0.5;0.17;0.07;0.33;0.17;0.02;1;340
3;19;0;0;0.5;0.17;0.07;0.33;0.17;0.02;1;341
3;19;0;0;0.5;0.17;0.07;0.33;0.17;0.02;1;342
3;19;0;0;0.5;0.17;0.07;0.33;0.17;0.02;1;343
3;19;0;0;0.5;0.17;0.07;0.33;0.17;0.02;1;344
3;19;0;0;0.5;0.17;0.07;0.33;0.17;0.02;1;345
3;19;0;0;0.5;0.17;0.07;0.33;0.17;0.02;1;346
3;19;0;0;0.5;0.17;0.07;0.33;0.17;0.02;1;347
3;19;0;0;0.5;0.17;0.07;0.33;0.17;0.02;1;348
3;19;0;0;0.5;0.17;0.07;0.33;0.17;0.02;1;349
3;19;0;0;0.5;0.17;0.07;0.33;0.17;0.02;1;350
4;19;0;0;0.5;0.17;0.07;0.33;0.17;0.02;1;351
4;20;0;0;0.5;0.17;0.07;0.33;0.17;0.02;1;352
4;21;0;0;0.33;0.25;0.07;0.67;0.17;0.02;1;353
4;21;0;0;0.33;0.25;0.07;0.67;0.17;0.02;1;354
4;21;0;0;0.33;0.25;0.07;0.67;0.17;0.02;1;355
4;21;0;0;0.33;0.25;0.07;0.67;0.17;0.02;1;356
4;21;0;0;0.33;0.25;0.07;0.67;0.17;0.02;1;357
4;21;0;0;0.33;0.25;0.07;0.67;0.17;0.02;1;358
4;21;0;0;0.33;0.25;0.07;0.67;0.17;0.02;1;359
4;21;0;0;0.33;0.25;0.07;0.67;0.17;0.02;1;360
4;21;0;0;0.33;0.25;0.07;0.67;0.17;0.02;1;361
4;21;0;0;0.33;0.25;0.07;0.67;0.17;0.02;1;362
4;21;0;0;0.33;0.25;0.07;0.67;0.17;0.02;1;363
4;21;0;0;0.33;0.25;0.07;0.67;0.17;0.02;1;364
4;21;0;0;0.33;0.25;0.07;0.67;0.17;0.02;1;365
4;21;0;0;0.33;0.25;0.07;0.67;0.17;0.02;1;366
4;21;0;0;0.33;0.25;0.07;0.67;0.17;0.02;1;367
4;21;0;0;0.33;0.25;0.07;0.67;0.17;0.02;1;368
4;21;0;0;0.33;0.25;0.07;0.67;0.17;0.02;1;369
4;21;0;0;0.33;0.25;0.07;0.67;0.17;0.02;1;370
4;21;0;0;0.33;0.25;0.07;0.67;0.17;0.02;1;371
4;22;0;0;0.33;0.31;0.07;0.33;0.5;0.06;1;372
4;23;0;0;0.33;0.31;0.08;0.33;0.5;0.06;1;373
4;23;0;0;0.33;0.31;0.08;0.33;0.5;0.06;1;374
4;23;0;0;0.33;0.31;0.08;0.33;0.5;0.06;1;375
4;23;0;0;0.33;0.31;0.08;0.33;0.5;0.06;1;376
4;23;0;0;0.33;0.31;0.08;0.33;0.5;0.06;1;377
4;23;0;0;0.33;0.31;0.08;0.33;0.5;0.06;1;378
4;23;0;0;0.33;0.31;0.08;0.33;0.5;0.06;1;379
4;23;0;0;0.33;0.31;0.08;0.33;0.5;0.06;1;380
4;23;0;0;0.33;0.31;0.08;0.33;0.5;0.06;1;381
4;23;0;0;0.33;0.31;0.08;0.33;0.5;0.06;1;382
4;23;0;0;0.33;0.31;0.08;0.33;0.5;0.06;1;383
4;23;0;0;0.33;0.31;0.08;0.33;0.5;0.06;1;384
4;23;0;0;0.33;0.31;0.08;0.33;0.5;0.06;1;385
4;23;0;0;0.33;0.31;0.08;0.33;0.5;0.06;1;386
4;23;0;0;0.33;0.31;0.08;0.33;0.5;0.06;1;387
4;23;0;0;0.33;0.31;0.08;0.33;0.5;0.06;1;388
4;23;0;0;0.33;0.31;0.08;0.33;0.5;0.06;1;389
4;23;0;0;0.33;0.31;0.08;0.33;0.5;0.06;1;390
4;23;0;0;0.33;0.31;0.08;0.33;0.5;0.06;1;391
4;23;0;0;0.33;0.31;0.08;0.33;0.5;0.06;1;392
4;23;0;0;0.33;0.31;0.08;0.33;0.5;0.06;1;393
4;23;0;0;0.33;0.31;0.08;0.33;0.5;0.06;1;394
4;23;0;0;0.33;0.31;0.08;0.33;0.5;0.06;1;395
4;23;0;0;0.33;0.31;0.08;0.33;0.5;0.06;1;396
4;23;0;0;0.33;0.31;0.08;0.33;0.5;0.06;1;397
4;23;0;0;0.33;0.31;0.08;0.33;0.5;0.06;1;398
4;23;0;0;0.33;0.31;0.08;0.33;0.5;0.06;1;399
4;23;0;0;0.33;0.31;0.08;0.33;0.5;0.06;1;400
4;23;0;0;0.33;0.31;0.08;0.33;0.5;0.06;1;401
4;23;0;0;0.33;0.31;0.08;0.33;0.5;0.06;1;402
4;23;0;0;0.33;0.31;0.08;0.33;0.5;0.06;1;403
4;23;0;0;0.33;0.31;0.08;0.33;0.5;0.06;1;404
4;23;0;0;0.33;0.31;0.08;0.33;0.5;0.06;1;405
4;23;0;0;0.33;0.31;0.08;0.33;0.5;0.06;1;406
4;23;0;0;0.33;0.31;0.08;0.33;0.5;0.06;1;407
4;23;0;0;0.33;0.31;0.08;0.33;0.5;0.06;1;408
4;23;0;0;0.33;0.31;0.08;0.33;0.5;0.06;1;409
4;23;0;0;0.33;0.31;0.08;0.33;0.5;0.06;1;410
4;23;0;0;0.33;0.31;0.08;0.33;0.5;0.06;1;411
4;23;0;0;0.33;0.31;0.08;0.33;0.5;0.06;1;412
4;23;0;0;0.33;0.31;0.08;0.33;0.5;0.06;1;413
4;23;0;0;0.33;0.31;0.08;0.33;0.5;0.06;1;414
4;24;0;0;0.33;0.31;0.08;0.33;0.5;0.06;1;415
4;24;0;0;0.33;0.31;0.08;0.33;0.5;0.06;1;416
4;24;0;0;0.33;0.31;0.08;0.33;0.5;0.06;1;417
4;24;0;0;0.33;0.31;0.08;0.33;0.5;0.06;1;418
4;24;0;0;0.33;0.31;0.08;0.33;0.5;0.06;1;419
4;24;0;0;0.33;0.31;0.08;0.33;0.5;0.06;1;420
4;24;0;0;0.33;0.31;0.08;0.33;0.5;0.06;1;421
4;24;0;0;0.33;0.31;0.08;0.33;0.5;0.06;1;422
4;24;0;0;0.33;0.31;0.08;0.33;0.5;0.06;1;423
4;25;0;0;0.33;0.31;0.09;0.33;0.5;0.06;1;424
4;25;0;0;0.33;0.31;0.09;0.33;0.5;0.06;1;425
4;25;0;0;0.33;0.31;0.09;0.33;0.5;0.06;1;426
4;25;0;0;0.33;0.31;0.09;0.33;0.5;0.06;1;427
4;25;0;0;0.33;0.31;0.09;0.33;0.5;0.06;1;428
4;25;0;0;0.33;0.31;0.09;0.33;0.5;0.06;1;429
4;25;0;0;0.33;0.31;0.09;0.33;0.5;0.06;1;430
4;25;0;0;0.33;0.31;0.09;0.33;0.5;0.06;1;431
4;25;0;0;0.33;0.31;0.09;0.33;0.5;0.06;1;432
4;25;0;0;0.33;0.31;0.09;0.33;0.5;0.06;1;433
4;25;0;0;0.33;0.31;0.09;0.33;0.5;0.06;1;434
4;25;0;0;0.33;0.31;0.09;0.33;0.5;0.06;1;435
4;25;0;0;0.33;0.31;0.09;0.33;0.5;0.06;1;436
4;25;0;0;0.33;0.31;0.09;0.33;0.5;0.06;1;437
4;25;0;0;0.33;0.31;0.09;0.33;0.5;0.06;1;438
4;25;0;0;0.33;0.31;0.09;0.33;0.5;0.06;1;439
4;25;0;0;0.33;0.31;0.09;0.33;0.5;0.06;1;440
4;25;0;0;0.33;0.31;0.09;0.33;0.5;0.06;1;441
5;25;0;0;0.33;0.31;0.09;0.33;0.5;0.06;1;442
5;26;0;0;0.33;0.31;0.09;0.33;0.5;0.06;1;443
5;26;0;0;0.33;0.31;0.09;0.33;0.5;0.06;1;444
5;26;0;0;0.33;0.31;0.09;0.33;0.5;0.06;1;445
5;26;0;0;0.33;0.31;0.09;0.33;0.5;0.06;1;446
5;26;0;0;0.33;0.31;0.09;0.33;0.5;0.06;1;447
5;26;0;0;0.33;0.31;0.09;0.33;0.5;0.06;1;448
5;26;0;0;0.33;0.31;0.09;0.33;0.5;0.06;1;449
5;26;0;0;0.33;0.31;0.09;0.33;0.5;0.06;1;450
5;26;0;0;0.33;0.31;0.09;0.33;0.5;0.06;1;451
5;26;0;0;0.33;0.31;0.09;0.33;0.5;0.06;1;452
5;26;0;0;0.33;0.31;0.09;0.33;0.5;0.06;1;453
5;26;0;0;0.33;0.31;0.09;0.33;0.5;0.06;1;454
5;26;0;0;0.33;0.31;0.09;0.33;0.5;0.06;1;455
5;26;0;0;0.33;0.31;0.09;0.33;0.5;0.06;1;456
5;26;0;0;0.33;0.31;0.09;0.33;0.5;0.06;1;457
5;26;0;0;0.33;0.31;0.09;0.33;0.5;0.06;1;458
5;26;0;0;0.33;0.31;0.09;0.33;0.5;0.06;1;459
5;26;0;0;0.33;0.31;0.09;0.33;0.5;0.06;1;460
5;26;0;0;0.33;0.31;0.09;0.33;0.5;0.06;1;461
5;26;0;0;0.33;0.31;0.09;0.33;0.5;0.06;1;462
5;26;0;0;0.33;0.31;0.09;0.33;0.5;0.06;1;463
5;26;0;0;0.33;0.31;0.09;0.33;0.5;0.06;1;464
5;26;0;0;0.33;0.31;0.09;0.33;0.5;0.06;1;465
5;26;0;0;0.33;0.31;0.09;0.33;0.5;0.06;1;466
5;26;0;0;0.33;0.31;0.09;0.33;0.5;0.06;1;467
5;26;0;0;0.33;0.31;0.09;0.33;0.5;0.06;1;468
5;27;0;0;0.25;0.48;0.09;1.0;0.5;0.06;1;469
5;27;0;0;0.25;0.48;0.09;1.0;0.5;0.06;1;470
5;27;0;0;0.25;0.48;0.09;1.0;0.5;0.06;1;471
5;27;0;0;0.25;0.48;0.09;1.0;0.5;0.06;1;472
5;27;0;0;0.25;0.48;0.09;1.0;0.5;0.06;1;473
5;27;0;0;0.25;0.48;0.09;1.0;0.5;0.06;1;474
5;27;0;0;0.25;0.48;0.09;1.0;0.5;0.06;1;475
5;27;0;0;0.25;0.48;0.09;1.0;0.5;0.06;1;476
5;27;0;0;0.25;0.48;0.09;1.0;0.5;0.06;1;477
5;27;0;0;0.25;0.48;0.09;1.0;0.5;0.06;1;478
5;27;0;0;0.25;0.48;0.09;1.0;0.5;0.06;1;479
5;27;0;0;0.25;0.48;0.09;1.0;0.5;0.06;1;480
5;27;0;0;0.25;0.48;0.09;1.0;0.5;0.06;1;481
5;27;0;0;0.25;0.48;0.09;1.0;0.5;0.06;1;482
5;27;0;0;0.25;0.48;0.09;1.0;0.5;0.06;1;483
5;27;0;0;0.25;0.48;0.09;1.0;0.5;0.06;1;484
5;27;0;0;0.25;0.48;0.09;1.0;0.5;0.06;1;485
5;27;0;0;0.25;0.48;0.09;1.0;0.5;0.06;1;486
5;27;0;0;0.25;0.48;0.09;1.0;0.5;0.06;1;487
5;27;0;0;0.25;0.48;0.09;1.0;0.5;0.06;1;488
5;27;0;0;0.25;0.48;0.09;1.0;0.5;0.06;1;489
5;27;0;0;0.25;0.48;0.09;1.0;0.5;0.06;1;490
5;27;0;0;0.25;0.48;0.09;1.0;0.5;0.06;1;491
5;27;0;0;0.25;0.48;0.09;1.0;0.5;0.06;1;492
5;27;0;0;0.25;0.48;0.09;1.0;0.5;0.06;1;493
5;27;0;0;0.25;0.48;0.09;1.0;0.5;0.06;1;494
5;28;0;0;0.25;0.48;0.1;1.0;0.5;0.06;1;495
5;28;0;0;0.25;0.48;0.1;1.0;0.5;0.06;1;496
5;28;0;0;0.25;0.48;0.1;1.0;0.5;0.06;1;497
5;28;0;0;0.25;0.48;0.1;1.0;0.5;0.06;1;498
5;28;0;0;0.25;0.48;0.1;1.0;0.5;0.06;1;499
5;28;0;0;0.25;0.48;0.1;1.0;0.5;0.06;1;500
5;28;0;0;0.25;0.48;0.1;1.0;0.5;0.06;1;501
5;28;0;0;0.25;0.48;0.1;1.0;0.5;0.06;1;502
5;28;0;0;0.25;0.48;0.1;1.0;0.5;0.06;1;503
5;29;0;0;0.25;0.51;0.1;0.33;1.0;0.06;1;504
5;29;0;0;0.25;0.51;0.1;0.33;1.0;0.06;1;505
5;29;0;0;0.25;0.51;0.1;0.33;1.0;0.06;1;506
5;29;0;0;0.25;0.51;0.1;0.33;1.0;0.06;1;507
5;29;0;0;0.25;0.51;0.1;0.33;1.0;0.06;1;508
5;29;0;0;0.25;0.51;0.1;0.33;1.0;0.06;1;509
5;29;0;0;0.25;0.51;0.1;0.33;1.0;0.06;1;510
5;29;0;0;0.25;0.51;0.1;0.33;1.0;0.06;1;511
5;29;0;0;0.25;0.51;0.1;0.33;1.0;0.06;1;512
5;30;0;0;0.25;0.52;0.1;0.33;1.0;0.06;1;513
5;31;0;0;0.25;0.52;0.11;0.33;1.0;0.06;1;514
5;31;0;0;0.25;0.52;0.11;0.33;1.0;0.06;1;515
5;31;0;0;0.25;0.52;0.11;0.33;1.0;0.06;1;516
5;31;0;0;0.25;0.52;0.11;0.33;1.0;0.06;1;517
5;31;0;0;0.25;0.52;0.11;0.33;1.0;0.06;1;518
5;31;0;0;0.25;0.52;0.11;0.33;1.0;0.06;1;519
5;31;0;0;0.25;0.52;0.11;0.33;1.0;0.06;1;520
5;31;0;0;0.25;0.52;0.11;0.33;1.0;0.06;1;521
5;31;0;0;0.25;0.52;0.11;0.33;1.0;0.06;1;522
5;31;0;0;0.25;0.52;0.11;0.33;1.0;0.06;1;523
5;31;0;0;0.25;0.52;0.11;0.33;1.0;0.06;1;524
5;31;0;0;0.25;0.52;0.11;0.33;1.0;0.06;1;525
5;31;0;0;0.25;0.52;0.11;0.33;1.0;0.06;1;526
5;31;0;0;0.25;0.52;0.11;0.33;1.0;0.06;1;527
5;31;0;0;0.25;0.52;0.11;0.33;1.0;0.06;1;528
5;31;0;0;0.25;0.52;0.11;0.33;1.0;0.06;1;529
5;31;0;0;0.25;0.52;0.11;0.33;1.0;0.06;1;530
5;31;0;0;0.25;0.52;0.11;0.33;1.0;0.06;1;531
5;31;0;0;0.25;0.52;0.11;0.33;1.0;0.06;1;532
5;31;0;0;0.25;0.52;0.11;0.33;1.0;0.06;1;533
5;31;0;0;0.25;0.52;0.11;0.33;1.0;0.06;1;534
5;31;0;0;0.25;0.52;0.11;0.33;1.0;0.06;1;535
5;31;0;0;0.25;0.52;0.11;0.33;1.0;0.06;1;536
5;31;0;0;0.25;0.52;0.11;0.33;1.0;0.06;1;537
5;31;0;0;0.25;0.52;0.11;0.33;1.0;0.06;1;538
5;31;0;0;0.25;0.52;0.11;0.33;1.0;0.06;1;539
5;31;0;0;0.25;0.52;0.11;0.33;1.0;0.06;1;540
5;31;0;0;0.25;0.52;0.11;0.33;1.0;0.06;1;541
5;31;0;0;0.25;0.52;0.11;0.33;1.0;0.06;1;542
5;31;0;0;0.25;0.52;0.11;0.33;1.0;0.06;1;543
5;31;0;0;0.25;0.52;0.11;0.33;1.0;0.06;1;544
5;31;0;0;0.25;0.52;0.11;0.33;1.0;0.06;1;545
5;31;0;0;0.25;0.52;0.11;0.33;1.0;0.06;1;546
5;31;0;0;0.25;0.52;0.11;0.33;1.0;0.06;1;547
5;31;0;0;0.25;0.52;0.11;0.33;1.0;0.06;1;548
5;31;0;0;0.25;0.52;0.11;0.33;1.0;0.06;1;549
5;31;0;0;0.25;0.52;0.11;0.33;1.0;0.06;1;550
5;31;0;0;0.25;0.52;0.11;0.33;1.0;0.06;1;551
5;31;0;0;0.25;0.52;0.11;0.33;1.0;0.06;1;552
5;31;0;0;0.25;0.52;0.11;0.33;1.0;0.06;1;553
5;31;0;0;0.25;0.52;0.11;0.33;1.0;0.06;1;554
5;31;0;0;0.25;0.52;0.11;0.33;1.0;0.06;1;555
5;31;0;0;0.25;0.52;0.11;0.33;1.0;0.06;1;556
5;31;0;0;0.25;0.52;0.11;0.33;1.0;0.06;1;557
5;31;0;0;0.25;0.52;0.11;0.33;1.0;0.06;1;558
5;31;0;0;0.25;0.52;0.11;0.33;1.0;0.06;1;559
5;31;0;0;0.25;0.52;0.11;0.33;1.0;0.06;1;560
5;31;0;0;0.25;0.52;0.11;0.33;1.0;0.06;1;561
5;31;0;0;0.25;0.52;0.11;0.33;1.0;0.06;1;562
5;31;0;0;0.25;0.52;0.11;0.33;1.0;0.06;1;563
5;31;0;0;0.25;0.52;0.11;0.33;1.0;0.06;1;564
5;31;0;0;0.25;0.52;0.11;0.33;1.0;0.06;1;565
5;31;0;0;0.25;0.52;0.11;0.33;1.0;0.06;1;566
5;31;0;0;0.25;0.52;0.11;0.33;1.0;0.06;1;567
5;31;0;0;0.25;0.52;0.11;0.33;1.0;0.06;1;568
5;31;0;0;0.25;0.52;0.11;0.33;1.0;0.06;1;569
5;31;0;0;0.25;0.52;0.11;0.33;1.0;0.06;1;570
5;31;0;0;0.25;0.52;0.11;0.33;1.0;0.06;1;571
5;31;0;0;0.25;0.52;0.11;0.33;1.0;0.06;1;572
5;31;0;0;0.25;0.52;0.11;0.33;1.0;0.06;1;573
5;31;0;0;0.25;0.52;0.11;0.33;1.0;0.06;1;574
5;31;0;0;0.25;0.52;0.11;0.33;1.0;0.06;1;575
5;31;0;0;0.25;0.52;0.11;0.33;1.0;0.06;1;576
5;31;0;0;0.25;0.52;0.11;0.33;1.0;0.06;1;577
5;31;0;0;0.25;0.52;0.11;0.33;1.0;0.06;1;578
5;31;0;0;0.25;0.52;0.11;0.33;1.0;0.06;1;579
5;31;0;0;0.25;0.52;0.11;0.33;1.0;0.06;1;580
5;31;0;0;0.25;0.52;0.11;0.33;1.0;0.06;1;581
5;31;0;0;0.25;0.52;0.11;0.33;1.0;0.06;1;582
5;31;0;0;0.25;0.52;0.11;0.33;1.0;0.06;1;583
5;31;0;0;0.25;0.52;0.11;0.33;1.0;0.06;1;584
5;31;0;0;0.25;0.52;0.11;0.33;1.0;0.06;1;585
5;31;0;0;0.25;0.52;0.11;0.33;1.0;0.06;1;586
5;31;0;0;0.25;0.52;0.11;0.33;1.0;0.06;1;587
5;31;0;0;0.25;0.52;0.11;0.33;1.0;0.06;1;588
5;31;0;0;0.25;0.52;0.11;0.33;1.0;0.06;1;589
5;31;0;0;0.25;0.52;0.11;0.33;1.0;0.06;1;590
5;31;0;0;0.25;0.52;0.11;0.33;1.0;0.06;1;591
5;31;0;0;0.25;0.52;0.11;0.33;1.0;0.06;1;592
5;31;0;0;0.25;0.52;0.11;0.33;1.0;0.06;1;593
5;31;0;0;0.25;0.52;0.11;0.33;1.0;0.06;1;594
5;31;0;0;0.25;0.52;0.11;0.33;1.0;0.06;1;595
5;31;0;0;0.25;0.52;0.11;0.33;1.0;0.06;1;596
5;31;0;0;0.25;0.52;0.11;0.33;1.0;0.06;1;597
5;31;0;0;0.25;0.52;0.11;0.33;1.0;0.06;1;598
5;31;0;0;0.25;0.52;0.11;0.33;1.0;0.06;1;599
5;31;0;0;0.25;0.52;0.11;0.33;1.0;0.06;1;600
5;31;0;0;0.25;0.52;0.11;0.33;1.0;0.06;1;601
5;31;0;0;0.25;0.52;0.11;0.33;1.0;0.06;1;602
5;31;0;0;0.25;0.52;0.11;0.33;1.0;0.06;1;603
5;31;0;0;0.25;0.52;0.11;0.33;1.0;0.06;1;604
5;31;0;0;0.25;0.52;0.11;0.33;1.0;0.06;1;605
5;31;0;0;0.25;0.52;0.11;0.33;1.0;0.06;1;606
5;31;0;0;0.25;0.52;0.11;0.33;1.0;0.06;1;607
5;31;0;0;0.25;0.52;0.11;0.33;1.0;0.06;1;608
5;31;0;0;0.25;0.52;0.11;0.33;1.0;0.06;1;609
5;31;0;0;0.25;0.52;0.11;0.33;1.0;0.06;1;610
5;31;0;0;0.25;0.52;0.11;0.33;1.0;0.06;1;611
5;31;0;0;0.25;0.52;0.11;0.33;1.0;0.06;1;612
5;31;0;0;0.25;0.52;0.11;0.33;1.0;0.06;1;613
5;31;0;0;0.25;0.52;0.11;0.33;1.0;0.06;1;614
5;31;0;0;0.25;0.52;0.11;0.33;1.0;0.06;1;615
5;31;0;0;0.25;0.52;0.11;0.33;1.0;0.06;1;616
5;31;0;0;0.25;0.52;0.11;0.33;1.0;0.06;1;617
5;31;0;0;0.25;0.52;0.11;0.33;1.0;0.06;1;618
5;31;0;0;0.25;0.52;0.11;0.33;1.0;0.06;1;619
5;31;0;0;0.25;0.52;0.11;0.33;1.0;0.06;1;620
5;31;0;0;0.25;0.52;0.11;0.33;1.0;0.06;1;621
5;31;0;0;0.25;0.52;0.11;0.33;1.0;0.06;1;622
5;31;0;0;0.25;0.52;0.11;0.33;1.0;0.06;1;623
5;31;0;0;0.25;0.52;0.11;0.33;1.0;0.06;1;624
5;31;0;0;0.25;0.52;0.11;0.33;1.0;0.06;1;625
5;31;0;0;0.25;0.52;0.11;0.33;1.0;0.06;1;626
5;31;0;0;0.25;0.52;0.11;0.33;1.0;0.06;1;627
5;31;0;0;0.25;0.52;0.11;0.33;1.0;0.06;1;628
5;31;0;0;0.25;0.52;0.11;0.33;1.0;0.06;1;629
5;31;0;0;0.25;0.52;0.11;0.33;1.0;0.06;1;630
5;31;0;0;0.25;0.52;0.11;0.33;1.0;0.06;1;631
5;31;0;0;0.25;0.52;0.11;0.33;1.0;0.06;1;632
5;31;0;0;0.25;0.52;0.11;0.33;1.0;0.06;1;633
5;31;0;0;0.25;0.52;0.11;0.33;1.0;0.06;1;634
5;31;0;0;0.25;0.52;0.11;0.33;1.0;0.06;1;635
5;31;0;0;0.25;0.52;0.11;0.33;1.0;0.06;1;636
5;31;0;0;0.25;0.52;0.11;0.33;1.0;0.06;1;637
5;31;0;0;0.25;0.52;0.11;0.33;1.0;0.06;1;638
5;31;0;0;0.25;0.52;0.11;0.33;1.0;0.06;1;639
5;31;0;0;0.25;0.52;0.11;0.33;1.0;0.06;1;640
5;31;0;0;0.25;0.52;0.11;0.33;1.0;0.06;1;641
5;31;0;0;0.25;0.52;0.11;0.33;1.0;0.06;1;642
5;31;0;0;0.25;0.52;0.11;0.33;1.0;0.06;1;643
5;31;0;0;0.25;0.52;0.11;0.33;1.0;0.06;1;644
5;31;0;0;0.25;0.52;0.11;0.33;1.0;0.06;1;645
5;31;0;0;0.25;0.52;0.11;0.33;1.0;0.06;1;646
5;31;0;0;0.25;0.52;0.11;0.33;1.0;0.06;1;647
5;31;0;0;0.25;0.52;0.11;0.33;1.0;0.06;1;648
5;31;0;0;0.25;0.52;0.11;0.33;1.0;0.06;1;649
5;31;0;0;0.25;0.52;0.11;0.33;1.0;0.06;1;650
5;31;0;0;0.25;0.52;0.11;0.33;1.0;0.06;1;651
5;31;0;0;0.25;0.52;0.11;0.33;1.0;0.06;1;652
5;31;0;0;0.25;0.52;0.11;0.33;1.0;0.06;1;653
5;31;0;0;0.25;0.52;0.11;0.33;1.0;0.06;1;654
5;31;0;0;0.25;0.52;0.11;0.33;1.0;0.06;1;655
5;31;0;0;0.25;0.52;0.11;0.33;1.0;0.06;1;656
5;31;0;0;0.25;0.52;0.11;0.33;1.0;0.06;1;657
5;31;0;0;0.25;0.52;0.11;0.33;1.0;0.06;1;658
5;31;0;0;0.25;0.52;0.11;0.33;1.0;0.06;1;659
5;31;0;0;0.25;0.52;0.11;0.33;1.0;0.06;1;660
5;31;0;0;0.25;0.52;0.11;0.33;1.0;0.06;1;661
5;31;0;0;0.25;0.52;0.11;0.33;1.0;0.06;1;662
5;31;0;0;0.25;0.52;0.11;0.33;1.0;0.06;1;663
5;31;0;0;0.25;0.52;0.11;0.33;1.0;0.06;1;664
5;31;0;0;0.25;0.52;0.11;0.33;1.0;0.06;1;665
5;31;0;0;0.25;0.52;0.11;0.33;1.0;0.06;1;666
5;31;0;0;0.25;0.52;0.11;0.33;1.0;0.06;1;667
5;31;0;0;0.25;0.52;0.11;0.33;1.0;0.06;1;668
5;31;0;0;0.25;0.52;0.11;0.33;1.0;0.06;1;669
5;31;0;0;0.25;0.52;0.11;0.33;1.0;0.06;1;670
5;31;0;0;0.25;0.52;0.11;0.33;1.0;0.06;1;671
5;31;0;0;0.25;0.52;0.11;0.33;1.0;0.06;1;672
5;31;0;0;0.25;0.52;0.11;0.33;1.0;0.06;1;673
5;31;0;0;0.25;0.52;0.11;0.33;1.0;0.06;1;674
5;31;0;0;0.25;0.52;0.11;0.33;1.0;0.06;1;675
5;31;0;0;0.25;0.52;0.11;0.33;1.0;0.06;1;676
5;31;0;0;0.25;0.52;0.11;0.33;1.0;0.06;1;677
5;31;0;0;0.25;0.52;0.11;0.33;1.0;0.06;1;678
5;31;0;0;0.25;0.52;0.11;0.33;1.0;0.06;1;679
5;31;0;0;0.25;0.52;0.11;0.33;1.0;0.06;1;680
5;31;0;0;0.25;0.52;0.11;0.33;1.0;0.06;1;681
5;31;0;0;0.25;0.52;0.11;0.33;1.0;0.06;1;682
5;31;0;0;0.25;0.52;0.11;0.33;1.0;0.06;1;683
5;31;0;0;0.25;0.52;0.11;0.33;1.0;0.06;1;684
5;31;0;0;0.25;0.52;0.11;0.33;1.0;0.06;1;685
5;31;0;0;0.25;0.52;0.11;0.33;1.0;0.06;1;686
5;31;0;0;0.25;0.52;0.11;0.33;1.0;0.06;1;687
5;31;0;0;0.25;0.52;0.11;0.33;1.0;0.06;1;688
5;31;0;0;0.25;0.52;0.11;0.33;1.0;0.06;1;689
5;31;0;0;0.25;0.52;0.11;0.33;1.0;0.06;1;690
5;31;0;0;0.25;0.52;0.11;0.33;1.0;0.06;1;691
5;31;0;0;0.25;0.52;0.11;0.33;1.0;0.06;1;692
5;31;0;0;0.25;0.52;0.11;0.33;1.0;0.06;1;693
5;31;0;0;0.25;0.52;0.11;0.33;1.0;0.06;1;694
5;31;0;0;0.25;0.52;0.11;0.33;1.0;0.06;1;695
5;31;0;0;0.25;0.52;0.11;0.33;1.0;0.06;1;696
5;31;0;0;0.25;0.52;0.11;0.33;1.0;0.06;1;697
5;31;0;0;0.25;0.52;0.11;0.33;1.0;0.06;1;698
5;31;0;0;0.25;0.52;0.11;0.33;1.0;0.06;1;699
5;31;0;0;0.25;0.52;0.11;0.33;1.0;0.06;1;700
5;31;0;0;0.25;0.52;0.11;0.33;1.0;0.06;1;701
5;31;0;0;0.25;0.52;0.11;0.33;1.0;0.06;1;702
5;31;0;0;0.25;0.52;0.11;0.33;1.0;0.06;1;703
5;31;0;0;0.25;0.52;0.11;0.33;1.0;0.06;1;704
5;31;0;0;0.25;0.52;0.11;0.33;1.0;0.06;1;705
5;32;0;0;0.25;0.52;0.15;0.33;1.0;0.0;1;706
5;32;0;0;0.25;0.52;0.15;0.33;1.0;0.0;1;707
5;32;0;0;0.25;0.52;0.15;0.33;1.0;0.0;1;708
5;32;0;0;0.25;0.52;0.15;0.33;1.0;0.0;1;709
5;32;0;0;0.25;0.52;0.15;0.33;1.0;0.0;1;710
5;32;0;0;0.25;0.52;0.15;0.33;1.0;0.0;1;711
5;32;0;0;0.25;0.52;0.15;0.33;1.0;0.0;1;712
5;32;0;0;0.25;0.52;0.15;0.33;1.0;0.0;1;713
5;32;0;0;0.25;0.52;0.15;0.33;1.0;0.0;1;714
5;33;0;0;0.25;0.52;0.15;0.33;1.0;0.0;1;715
5;33;0;0;0.25;0.52;0.15;0.33;1.0;0.0;1;716
5;33;0;0;0.25;0.52;0.15;0.33;1.0;0.0;1;717
5;33;0;0;0.25;0.52;0.15;0.33;1.0;0.0;1;718
5;33;0;0;0.25;0.52;0.15;0.33;1.0;0.0;1;719
5;33;0;0;0.25;0.52;0.15;0.33;1.0;0.0;1;720
5;33;0;0;0.25;0.52;0.15;0.33;1.0;0.0;1;721
5;33;0;0;0.25;0.52;0.15;0.33;1.0;0.0;1;722
5;33;0;0;0.25;0.52;0.15;0.33;1.0;0.0;1;723
5;33;0;0;0.25;0.52;0.15;0.33;1.0;0.0;1;724
5;33;0;0;0.25;0.52;0.15;0.33;1.0;0.0;1;725
5;33;0;0;0.25;0.52;0.15;0.33;1.0;0.0;1;726
5;33;0;0;0.25;0.52;0.15;0.33;1.0;0.0;1;727
5;33;0;0;0.25;0.52;0.15;0.33;1.0;0.0;1;728
5;33;0;0;0.25;0.52;0.15;0.33;1.0;0.0;1;729
5;33;0;0;0.25;0.52;0.15;0.33;1.0;0.0;1;730
5;33;0;0;0.25;0.52;0.15;0.33;1.0;0.0;1;731
5;33;0;0;0.25;0.52;0.15;0.33;1.0;0.0;1;732
5;33;0;0;0.25;0.52;0.15;0.33;1.0;0.0;1;733
5;33;0;0;0.25;0.52;0.15;0.33;1.0;0.0;1;734
5;33;0;0;0.25;0.52;0.15;0.33;1.0;0.0;1;735
5;33;0;0;0.25;0.52;0.15;0.33;1.0;0.0;1;736
5;33;0;0;0.25;0.52;0.15;0.33;1.0;0.0;1;737
5;33;0;0;0.25;0.52;0.15;0.33;1.0;0.0;1;738
5;33;0;0;0.25;0.52;0.15;0.33;1.0;0.0;1;739
5;33;0;0;0.25;0.52;0.15;0.33;1.0;0.0;1;740
5;33;0;0;0.25;0.52;0.15;0.33;1.0;0.0;1;741
5;33;0;0;0.25;0.52;0.15;0.33;1.0;0.0;1;742
5;33;0;0;0.25;0.52;0.15;0.33;1.0;0.0;1;743
5;33;0;0;0.25;0.52;0.15;0.33;1.0;0.0;1;744
5;33;0;0;0.25;0.52;0.15;0.33;1.0;0.0;1;745
5;33;0;0;0.25;0.52;0.15;0.33;1.0;0.0;1;746
5;33;0;0;0.25;0.52;0.15;0.33;1.0;0.0;1;747
5;33;0;0;0.25;0.52;0.15;0.33;1.0;0.0;1;748
5;33;0;0;0.25;0.52;0.15;0.33;1.0;0.0;1;749
5;33;0;0;0.25;0.52;0.15;0.33;1.0;0.0;1;750
5;33;0;0;0.25;0.52;0.15;0.33;1.0;0.0;1;751
5;33;0;0;0.25;0.52;0.15;0.33;1.0;0.0;1;752
5;33;0;0;0.25;0.52;0.15;0.33;1.0;0.0;1;753
5;33;0;0;0.25;0.52;0.15;0.33;1.0;0.0;1;754
5;33;0;0;0.25;0.52;0.15;0.33;1.0;0.0;1;755
5;33;0;0;0.25;0.52;0.15;0.33;1.0;0.0;1;756
5;33;0;0;0.25;0.52;0.15;0.33;1.0;0.0;1;757
5;33;0;0;0.25;0.52;0.15;0.33;1.0;0.0;1;758
5;33;0;0;0.25;0.52;0.15;0.33;1.0;0.0;1;759
5;33;0;0;0.25;0.52;0.15;0.33;1.0;0.0;1;760
5;33;0;0;0.25;0.52;0.15;0.33;1.0;0.0;1;761
5;33;0;0;0.25;0.52;0.15;0.33;1.0;0.0;1;762
5;33;0;0;0.25;0.52;0.15;0.33;1.0;0.0;1;763
5;33;0;0;0.25;0.52;0.15;0.33;1.0;0.0;1;764
5;33;0;0;0.25;0.52;0.15;0.33;1.0;0.0;1;765
5;33;0;0;0.25;0.52;0.15;0.33;1.0;0.0;1;766
5;33;0;0;0.25;0.52;0.15;0.33;1.0;0.0;1;767
5;33;0;0;0.25;0.52;0.15;0.33;1.0;0.0;1;768
5;34;0;0;0.25;0.52;0.16;0.33;1.0;0.0;1;769
5;34;0;0;0.25;0.52;0.16;0.33;1.0;0.0;1;770
5;34;0;0;0.25;0.52;0.16;0.33;1.0;0.0;1;771
5;34;0;0;0.25;0.52;0.16;0.33;1.0;0.0;1;772
5;34;0;0;0.25;0.52;0.16;0.33;1.0;0.0;1;773
5;34;0;0;0.25;0.52;0.16;0.33;1.0;0.0;1;774
5;34;0;0;0.25;0.52;0.16;0.33;1.0;0.0;1;775
5;34;0;0;0.25;0.52;0.16;0.33;1.0;0.0;1;776
5;34;0;0;0.25;0.52;0.16;0.33;1.0;0.0;1;777
5;35;0;0;0.25;0.52;0.16;0.33;1.0;0.0;1;778
5;35;0;0;0.25;0.52;0.16;0.33;1.0;0.0;1;779
5;35;0;0;0.25;0.52;0.16;0.33;1.0;0.0;1;780
5;35;0;0;0.25;0.52;0.16;0.33;1.0;0.0;1;781
5;35;0;0;0.25;0.52;0.16;0.33;1.0;0.0;1;782
5;35;0;0;0.25;0.52;0.16;0.33;1.0;0.0;1;783
5;35;0;0;0.25;0.52;0.16;0.33;1.0;0.0;1;784
5;35;0;0;0.25;0.52;0.16;0.33;1.0;0.0;1;785
5;35;0;0;0.25;0.52;0.16;0.33;1.0;0.0;1;786
5;35;0;0;0.25;0.52;0.16;0.33;1.0;0.0;1;787
5;35;0;0;0.25;0.52;0.16;0.33;1.0;0.0;1;788
5;35;0;0;0.25;0.52;0.16;0.33;1.0;0.0;1;789
5;35;0;0;0.25;0.52;0.16;0.33;1.0;0.0;1;790
5;35;0;0;0.25;0.52;0.16;0.33;1.0;0.0;1;791
5;35;0;0;0.25;0.52;0.16;0.33;1.0;0.0;1;792
